instance,model,obj,time,status,lp_relaxation,mip_gap,bb_nodes,n_nodes,n_edges,n_terminals
i080_001.py,undirected cut,1787.0,16.33,2,1787.0,0.0,1559.0,80,120,6
i080_001.py,undirected flow,1787.0,0.59,2,1787.0,0.0,326.0,80,120,6
i080_001.py,directed cut,1787.0,15.52,2,1787.0,0.0,1403.0,80,120,6
i080_002.py,undirected cut,1607.0,4.59,2,1607.0,0.0,947.0,80,120,6
i080_002.py,undirected flow,1607.0,0.31,2,1607.0,0.0,45.0,80,120,6
i080_002.py,directed cut,1607.0,2.26,2,1607.0000000000084,0.0,449.0,80,120,6
i080_003.py,undirected cut,1713.0,5.26,2,1713.0,0.0,874.0,80,120,6
i080_003.py,undirected flow,1713.0,0.27,2,1713.0,0.0,31.0,80,120,6
i080_003.py,directed cut,1713.0,11.19,2,1713.0000000000005,0.0,1172.0,80,120,6
i080_004.py,undirected cut,1963.0,30.22,9,1692.0,0.1380539989811513,1561.0,80,120,6
i080_004.py,undirected flow,1866.0,0.83,2,1866.0,0.0,40.0,80,120,6
i080_004.py,directed cut,4767.0,30.22,9,1677.0,0.6482064191315292,1569.0,80,120,6
i080_005.py,undirected cut,1797.0,30.07,9,1579.0,0.1213132999443517,1435.0,80,120,6
i080_005.py,undirected flow,1790.0,0.62,2,1790.0,0.0,349.0,80,120,6
i080_005.py,directed cut,1790.0,13.25,2,1790.0,0.0,1267.0,80,120,6
i080_011.py,undirected cut,,30.59,9,1100.0,,1227.0,80,350,6
i080_011.py,undirected flow,1479.0,7.34,2,1479.0,0.0,2083.0,80,350,6
i080_011.py,directed cut,3764.0,30.48,9,1134.0,0.6987247608926673,1146.0,80,350,6
i080_012.py,undirected cut,,30.24,9,1101.0,,1197.0,80,350,6
i080_012.py,undirected flow,1484.0,8.25,2,1484.0,0.0,3386.0,80,350,6
i080_012.py,directed cut,8842.0,30.42,9,1127.0,0.8725401492874916,1190.0,80,350,6
i080_013.py,undirected cut,,30.21,9,1021.0,,1098.0,80,350,6
i080_013.py,undirected flow,1381.0,2.24,2,1381.0,0.0,230.0,80,350,6
i080_013.py,directed cut,4765.0,30.43,9,1060.0,0.7775445960125918,1106.0,80,350,6
i080_014.py,undirected cut,,30.23,9,1083.0,,1099.0,80,350,6
i080_014.py,undirected flow,1397.0,4.12,2,1397.0,0.0,923.0,80,350,6
i080_014.py,directed cut,6249.0,30.16,9,1098.0,0.8242918867018723,955.0,80,350,6
i080_015.py,undirected cut,,30.19,9,1088.0,,1155.0,80,350,6
i080_015.py,undirected flow,1495.0,16.95,2,1495.0,0.0,5758.0,80,350,6
i080_015.py,directed cut,1702.0,30.23,9,1150.0,0.32432432432432434,1235.0,80,350,6
i080_021.py,undirected cut,,30.54,9,890.0,,412.0,80,3160,6
i080_021.py,undirected flow,1268.0,31.17,9,980.0,0.22712933753943218,65.0,80,3160,6
i080_021.py,directed cut,1473.0,30.62,9,1047.0,0.2892057026476578,518.0,80,3160,6
i080_022.py,undirected cut,,30.47,9,841.0,,357.0,80,3160,6
i080_022.py,undirected flow,1266.0,31.46,9,978.0,0.22748815165876776,84.0,80,3160,6
i080_022.py,directed cut,1468.0,30.29,9,1024.0,0.3024523160762943,461.0,80,3160,6
i080_023.py,undirected cut,,30.76,9,872.0,,414.0,80,3160,6
i080_023.py,undirected flow,1269.0,31.25,9,983.0,0.22537431048069345,95.0,80,3160,6
i080_023.py,directed cut,1466.0,30.83,9,986.0000000000003,0.3274215552523872,474.0,80,3160,6
i080_024.py,undirected cut,,30.9,9,833.0,,448.0,80,3160,6
i080_024.py,undirected flow,1244.0,30.99,9,979.0,0.21302250803858522,183.0,80,3160,6
i080_024.py,directed cut,1473.0,30.82,9,1031.0,0.3000678886625934,515.0,80,3160,6
i080_025.py,undirected cut,,30.83,9,828.0000000000006,,458.0,80,3160,6
i080_025.py,undirected flow,1169.0,31.69,9,1023.0,0.12489307100085544,164.0,80,3160,6
i080_025.py,directed cut,1483.0,30.4,9,1047.0,0.2939986513823331,502.0,80,3160,6
i080_031.py,undirected cut,2556.0,30.23,9,1336.0,0.47730829420970267,1697.0,80,160,6
i080_031.py,undirected flow,1570.0,0.59,2,1570.0,0.0,56.0,80,160,6
i080_031.py,directed cut,1678.0,30.24,9,1442.0,0.14064362336114422,1485.0,80,160,6
i080_032.py,undirected cut,2864.0,30.2,9,1735.0,0.39420391061452514,1399.0,80,160,6
i080_032.py,undirected flow,2088.0,1.19,2,2088.0,0.0,699.0,80,160,6
i080_032.py,directed cut,10238.0,30.16,9,1801.0,0.8240867356905646,1530.0,80,160,6
i080_033.py,undirected cut,1794.0,30.18,9,1684.0000000000002,0.06131549609810467,1753.0,80,160,6
i080_033.py,undirected flow,1794.0,1.5,2,1794.0,0.0,318.0,80,160,6
i080_033.py,directed cut,1794.0,30.18,9,1761.0,0.01839464882943144,1883.0,80,160,6
i080_034.py,undirected cut,1795.0,30.21,9,1403.0,0.21838440111420612,1431.0,80,160,6
i080_034.py,undirected flow,1688.0,0.94,2,1688.0,0.0,379.0,80,160,6
i080_034.py,directed cut,1976.0,30.18,9,1404.0,0.2894736842105263,1387.0,80,160,6
i080_035.py,undirected cut,2164.0,30.18,9,1424.0,0.3419593345656192,1425.0,80,160,6
i080_035.py,undirected flow,1862.0,1.73,2,1862.0,0.0,637.0,80,160,6
i080_035.py,directed cut,4273.0,30.08,9,1384.0,0.6761057804820969,1615.0,80,160,6
i080_041.py,undirected cut,,30.33,9,983.0,,866.0,80,632,6
i080_041.py,undirected flow,1276.0,5.89,2,1276.0,0.0,1045.0,80,632,6
i080_041.py,directed cut,9002.0,30.42,9,1031.0,0.8854698955787603,853.0,80,632,6
i080_042.py,undirected cut,,30.14,9,983.0,,831.0,80,632,6
i080_042.py,undirected flow,1287.0,16.79,2,1287.0,0.0,2697.0,80,632,6
i080_042.py,directed cut,9571.0,30.15,9,1032.0,0.89217427646014,908.0,80,632,6
i080_043.py,undirected cut,,30.16,9,994.0,,934.0,80,632,6
i080_043.py,undirected flow,1295.0,10.6,2,1295.0,0.0,1752.0,80,632,6
i080_043.py,directed cut,5198.0,30.3,9,1073.0,0.793574451712197,887.0,80,632,6
i080_044.py,undirected cut,,30.42,9,981.0,,925.0,80,632,6
i080_044.py,undirected flow,1366.0,28.16,2,1366.0,0.0,6896.0,80,632,6
i080_044.py,directed cut,8778.0,30.84,9,1022.0,0.8835725677830941,783.0,80,632,6
i080_045.py,undirected cut,,30.55,9,987.0,,837.0,80,632,6
i080_045.py,undirected flow,1310.0,27.85,2,1310.0,0.0,5846.0,80,632,6
i080_045.py,directed cut,6606.0,30.46,9,1004.0,0.8480169542839843,857.0,80,632,6
i080_101.py,undirected cut,2608.0,9.5,2,2608.0000000000005,0.0,1041.0,80,120,8
i080_101.py,undirected flow,2608.0,1.29,2,2608.0,0.0,237.0,80,120,8
i080_101.py,directed cut,2608.0,7.83,2,2608.0,0.0,759.0,80,120,8
i080_102.py,undirected cut,2405.0,30.36,9,2180.0,0.09355509355509356,1272.0,80,120,8
i080_102.py,undirected flow,2403.0,0.88,2,2403.0,0.0,178.0,80,120,8
i080_102.py,directed cut,2405.0,30.35,9,2231.0,0.07234927234927235,1312.0,80,120,8
i080_103.py,undirected cut,2603.0,30.23,9,2275.0,0.1260084517864003,1332.0,80,120,8
i080_103.py,undirected flow,2603.0,1.45,2,2603.0,0.0,685.0,80,120,8
i080_103.py,directed cut,2603.0,30.16,9,2394.0,0.08029197080291971,1224.0,80,120,8
i080_104.py,undirected cut,2996.0,30.07,9,2108.0,0.2963951935914553,1192.0,80,120,8
i080_104.py,undirected flow,2486.0,0.99,2,2486.0,0.0,670.0,80,120,8
i080_104.py,directed cut,2486.0,30.21,9,2253.0,0.09372485921158488,1246.0,80,120,8
i080_105.py,undirected cut,2293.0,30.12,9,1972.0,0.1399912778020061,1390.0,80,120,8
i080_105.py,undirected flow,2203.0,0.55,2,2203.0,0.0,220.0,80,120,8
i080_105.py,directed cut,2203.0,27.47,2,2203.0,0.0,1602.0,80,120,8
i080_111.py,undirected cut,,30.25,9,1564.0,,893.0,80,350,8
i080_111.py,undirected flow,2051.0,30.69,9,1863.0,0.0916626036079961,3163.0,80,350,8
i080_111.py,directed cut,8022.0,30.9,9,1585.0,0.8024183495387683,831.0,80,350,8
i080_112.py,undirected cut,2790.0,30.12,9,1471.0,0.47275985663082437,948.0,80,350,8
i080_112.py,undirected flow,1885.0,30.27,9,1744.0,0.07480106100795755,4329.0,80,350,8
i080_112.py,directed cut,7419.0,30.6,9,1487.0,0.7995686750235881,804.0,80,350,8
i080_113.py,undirected cut,,30.28,9,1436.0,,873.0,80,350,8
i080_113.py,undirected flow,1884.0,30.2,9,1837.0,0.024946921443736732,5812.0,80,350,8
i080_113.py,directed cut,8109.0,30.19,9,1496.0,0.8155136268343816,899.0,80,350,8
i080_114.py,undirected cut,,30.1,9,1508.0,,1005.0,80,350,8
i080_114.py,undirected flow,1895.0,8.21,2,1895.0,0.0,2046.0,80,350,8
i080_114.py,directed cut,2710.0,30.31,9,1522.0,0.43837638376383764,997.0,80,350,8
i080_115.py,undirected cut,,30.16,9,1468.0,,985.0,80,350,8
i080_115.py,undirected flow,1868.0,14.04,2,1868.0,0.0,2030.0,80,350,8
i080_115.py,directed cut,8136.0,30.59,9,1554.0,0.8089970501474927,913.0,80,350,8
i080_121.py,undirected cut,,30.6,9,1110.0,,275.0,80,3160,8
i080_121.py,undirected flow,1741.0,31.66,9,1199.0,0.3113153360137852,53.0,80,3160,8
i080_121.py,directed cut,31399.0,30.4,9,1179.0,0.9624510334724036,277.0,80,3160,8
i080_122.py,undirected cut,,30.31,9,1121.0,,291.0,80,3160,8
i080_122.py,undirected flow,1731.0,32.21,9,1259.0,0.2726747544771808,12.0,80,3160,8
i080_122.py,directed cut,2056.0,30.81,9,1203.0,0.4148832684824903,372.0,80,3160,8
i080_123.py,undirected cut,,30.76,9,1114.0,,323.0,80,3160,8
i080_123.py,undirected flow,1759.0,31.71,9,1271.0,0.27743035815804434,34.0,80,3160,8
i080_123.py,directed cut,1972.0,30.16,9,1225.0,0.3788032454361055,388.0,80,3160,8
i080_124.py,undirected cut,,30.24,9,1117.0000000000002,,319.0,80,3160,8
i080_124.py,undirected flow,1826.0,31.44,9,1254.0,0.3132530120481928,11.0,80,3160,8
i080_124.py,directed cut,1942.0,30.89,9,1195.0,0.3846549948506694,373.0,80,3160,8
i080_125.py,undirected cut,,30.31,9,1109.0,,348.0,80,3160,8
i080_125.py,undirected flow,1734.0,31.87,9,1233.0,0.2889273356401384,67.0,80,3160,8
i080_125.py,directed cut,2063.0,30.9,9,1208.0,0.4144449830344159,401.0,80,3160,8
i080_131.py,undirected cut,3189.0,30.12,9,1974.0,0.380997177798683,1273.0,80,160,8
i080_131.py,undirected flow,2284.0,1.52,2,2284.0,0.0,515.0,80,160,8
i080_131.py,directed cut,2284.0,30.1,9,2110.0000000000005,0.07618213660245164,1657.0,80,160,8
i080_132.py,undirected cut,2210.0,30.12,9,1683.0,0.23846153846153847,1197.0,80,160,8
i080_132.py,undirected flow,2180.0,9.52,2,2180.0,0.0,3820.0,80,160,8
i080_132.py,directed cut,2587.0,30.4,9,1738.0,0.3281793583301121,1212.0,80,160,8
i080_133.py,undirected cut,3275.0,30.32,9,1790.0,0.4534351145038168,1136.0,80,160,8
i080_133.py,undirected flow,2261.0,4.11,2,2261.0,0.0,2121.0,80,160,8
i080_133.py,directed cut,6765.0,30.06,9,1920.0,0.7161862527716186,1297.0,80,160,8
i080_134.py,undirected cut,,30.27,9,1643.0000000000002,,1273.0,80,160,8
i080_134.py,undirected flow,2070.0,3.82,2,2070.0,0.0,2260.0,80,160,8
i080_134.py,directed cut,5565.0,30.68,9,1721.0000000000002,0.6907457322551662,1317.0,80,160,8
i080_135.py,undirected cut,2370.0,30.57,9,1685.0,0.2890295358649789,1237.0,80,160,8
i080_135.py,undirected flow,2102.0,2.4,2,2102.0,0.0,1230.0,80,160,8
i080_135.py,directed cut,2105.0,30.29,9,1855.0,0.1187648456057007,1325.0,80,160,8
i080_141.py,undirected cut,,30.09,9,1370.0,,716.0,80,632,8
i080_141.py,undirected flow,1860.0,30.68,9,1574.0,0.15376344086021507,934.0,80,632,8
i080_141.py,directed cut,16659.0,30.3,9,1382.0,0.9170418392460532,670.0,80,632,8
i080_142.py,undirected cut,,30.65,9,1283.0,,737.0,80,632,8
i080_142.py,undirected flow,1849.0,30.53,9,1577.0,0.14710654407787993,822.0,80,632,8
i080_142.py,directed cut,9947.0,30.78,9,1377.0,0.8615663013974062,614.0,80,632,8
i080_143.py,undirected cut,,30.39,9,1272.0,,720.0,80,632,8
i080_143.py,undirected flow,1840.0,30.58,9,1598.0,0.13152173913043477,1191.0,80,632,8
i080_143.py,directed cut,16864.0,30.9,9,1374.0,0.9185246679316889,708.0,80,632,8
i080_144.py,undirected cut,,30.49,9,1288.0,,755.0,80,632,8
i080_144.py,undirected flow,1856.0,30.54,9,1577.0,0.15032327586206898,906.0,80,632,8
i080_144.py,directed cut,10039.0,31.17,9,1381.0,0.8624364976591294,719.0,80,632,8
i080_145.py,undirected cut,,30.5,9,1374.0,,771.0,80,632,8
i080_145.py,undirected flow,1762.0,30.46,9,1603.0,0.09023836549375709,979.0,80,632,8
i080_145.py,directed cut,9648.0,31.47,9,1387.0000000000002,0.8562396351575456,789.0,80,632,8
i080_201.py,undirected cut,6183.0,30.34,9,4205.0,0.31990942907973474,831.0,80,120,16
i080_201.py,undirected flow,4760.0,2.28,2,4760.0,0.0,1037.0,80,120,16
i080_201.py,directed cut,5648.0,30.16,9,4282.0,0.24185552407932012,841.0,80,120,16
i080_202.py,undirected cut,5347.0,30.34,9,3622.0,0.32261080979988777,775.0,80,120,16
i080_202.py,undirected flow,4650.0,30.21,9,4313.0,0.0724731182795699,15677.0,80,120,16
i080_202.py,directed cut,10292.0,30.11,9,3726.0,0.6379712397979013,787.0,80,120,16
i080_203.py,undirected cut,,30.12,9,4048.0,,831.0,80,120,16
i080_203.py,undirected flow,4599.0,8.46,2,4599.0,0.0,4477.0,80,120,16
i080_203.py,directed cut,5111.0,30.57,9,4145.0,0.1890041087849736,891.0,80,120,16
i080_204.py,undirected cut,,30.32,9,3743.0,,917.0,80,120,16
i080_204.py,undirected flow,4492.0,8.58,2,4492.0,0.0,3482.0,80,120,16
i080_204.py,directed cut,6273.0,30.59,9,3924.0,0.3744619799139168,883.0,80,120,16
i080_205.py,undirected cut,,30.14,9,3762.0,,913.0,80,120,16
i080_205.py,undirected flow,4564.0,30.29,9,4323.0,0.0528045574057844,16602.0,80,120,16
i080_205.py,directed cut,5849.0,30.41,9,3957.0,0.3234740981364336,680.0,80,120,16
i080_211.py,undirected cut,,30.56,9,2943.0,,541.0,80,350,16
i080_211.py,undirected flow,3739.0,30.76,9,3042.0,0.18641347953998394,358.0,80,350,16
i080_211.py,directed cut,11435.0,30.24,9,2849.0,0.7508526453869698,555.0,80,350,16
i080_212.py,undirected cut,,30.38,9,2618.0,,530.0,80,350,16
i080_212.py,undirected flow,4244.0,30.65,9,2859.0,0.3263430725730443,493.0,80,350,16
i080_212.py,directed cut,9902.0,30.47,9,2726.0,0.7247020803878005,503.0,80,350,16
i080_213.py,undirected cut,,30.67,9,2953.0,,471.0,80,350,16
i080_213.py,undirected flow,3824.0,30.53,9,2919.0,0.236663179916318,465.0,80,350,16
i080_213.py,directed cut,10518.0,30.36,9,2943.0,0.7201939532230462,468.0,80,350,16
i080_214.py,undirected cut,,30.44,9,2857.0,,508.0,80,350,16
i080_214.py,undirected flow,4043.0,30.68,9,2864.0,0.2916151372743013,437.0,80,350,16
i080_214.py,directed cut,10618.0,30.77,9,2668.0,0.7487285741194198,562.0,80,350,16
i080_215.py,undirected cut,,30.25,9,2787.0,,587.0,80,350,16
i080_215.py,undirected flow,3874.0,30.61,9,2976.0,0.23180175529168817,474.0,80,350,16
i080_215.py,directed cut,10583.0,30.09,9,2951.0,0.7211565718605311,485.0,80,350,16
i080_221.py,undirected cut,,30.84,9,2275.0,,159.0,80,3160,16
i080_221.py,undirected flow,4277.0,34.2,9,2347.0,0.4512508767827917,1.0,80,3160,16
i080_221.py,directed cut,90466.0,30.52,9,2325.0,0.9742997369177371,159.0,80,3160,16
i080_222.py,undirected cut,,31.23,9,2244.0,,182.0,80,3160,16
i080_222.py,undirected flow,4342.0,35.54,9,2334.0,0.46245969599263015,1.0,80,3160,16
i080_222.py,directed cut,137248.0,30.39,9,2309.0,0.9831764397295407,167.0,80,3160,16
i080_223.py,undirected cut,,31.08,9,2259.0,,179.0,80,3160,16
i080_223.py,undirected flow,4370.0,34.15,9,2354.0,0.4613272311212815,1.0,80,3160,16
i080_223.py,directed cut,97292.0,30.67,9,2335.0,0.976000082226699,151.0,80,3160,16
i080_224.py,undirected cut,,31.35,9,2255.0,,183.0,80,3160,16
i080_224.py,undirected flow,4290.0,33.33,9,2347.0,0.4529137529137529,1.0,80,3160,16
i080_224.py,directed cut,96991.0,31.6,9,2329.0,0.9759874627542762,159.0,80,3160,16
i080_225.py,undirected cut,,31.27,9,2260.0,,167.0,80,3160,16
i080_225.py,undirected flow,4342.0,33.94,9,2336.0,0.46199907876554586,1.0,80,3160,16
i080_225.py,directed cut,136227.0,31.1,9,2285.0000000000005,0.9832265263126987,156.0,80,3160,16
i080_231.py,undirected cut,,30.63,9,3461.0,,829.0,80,160,16
i080_231.py,undirected flow,4354.0,30.54,9,3924.0,0.09875976113918236,2206.0,80,160,16
i080_231.py,directed cut,8236.0,30.61,9,3676.0,0.5536668285575522,738.0,80,160,16
i080_232.py,undirected cut,,30.51,9,3482.0,,783.0,80,160,16
i080_232.py,undirected flow,4285.0,30.31,9,3884.0,0.09358226371061844,2070.0,80,160,16
i080_232.py,directed cut,8322.0,30.49,9,3509.0,0.5783465513097813,814.0,80,160,16
i080_233.py,undirected cut,,30.41,9,3230.0,,804.0,80,160,16
i080_233.py,undirected flow,4118.0,30.37,9,3710.0,0.09907722195240408,2251.0,80,160,16
i080_233.py,directed cut,7184.0,30.28,9,3346.0,0.5342427616926503,781.0,80,160,16
i080_234.py,undirected cut,,30.1,9,3257.0000000000005,,776.0,80,160,16
i080_234.py,undirected flow,4274.0,30.58,9,3751.0,0.12236780533458119,2016.0,80,160,16
i080_234.py,directed cut,9385.0,30.49,9,3336.0,0.64453915823122,786.0,80,160,16
i080_235.py,undirected cut,,30.49,9,3593.0,,603.0,80,160,16
i080_235.py,undirected flow,4548.0,30.4,9,3805.0,0.16336851363236587,1766.0,80,160,16
i080_235.py,directed cut,11558.0,10906.85,9,3578.0,0.6904308703928015,564.0,80,160,16
i080_241.py,undirected cut,,10905.6,9,2649.0,,289.0,80,632,16
i080_241.py,undirected flow,4489.0,10889.95,9,2452.0,0.45377589663622186,1.0,80,632,16
i080_241.py,directed cut,62583.0,10888.61,9,2471.0,0.9605164341754151,1.0,80,632,16
i080_242.py,undirected cut,,30.26,9,2618.0,,431.0,80,632,16
i080_242.py,undirected flow,4217.0,30.57,9,2732.0,0.35214607540905857,47.0,80,632,16
i080_242.py,directed cut,14077.0,30.13,9,2658.0,0.8111813596647013,422.0,80,632,16
i080_243.py,undirected cut,,30.46,9,2647.0,,440.0,80,632,16
i080_243.py,undirected flow,4363.0,19568.38,9,2699.0,0.38138895255558103,1.0,80,632,16
i080_243.py,directed cut,17102.0,19568.1,9,2639.0000000000014,0.845690562507309,174.0,80,632,16
i080_244.py,undirected cut,,19567.75,9,2726.0,,214.0,80,632,16
i080_244.py,undirected flow,4240.0,19567.5,9,2695.0,0.3643867924528302,1.0,80,632,16
i080_244.py,directed cut,15364.0,31.64,9,2724.0,0.8227024212444676,187.0,80,632,16
i080_245.py,undirected cut,,31.53,9,2684.0,,217.0,80,632,16
i080_245.py,undirected flow,4330.0,31.9,9,2533.0,0.41501154734411083,1.0,80,632,16
i080_245.py,directed cut,12885.0,31.85,9,2553.0,0.8018626309662398,194.0,80,632,16
i080_301.py,undirected cut,,30.36,9,4569.000000000001,,341.0,80,120,20
i080_301.py,undirected flow,5522.0,30.48,9,4883.0,0.1157189424121695,792.0,80,120,20
i080_301.py,directed cut,9843.0,30.87,9,4761.0,0.5163060042669918,389.0,80,120,20
i080_302.py,undirected cut,,30.21,9,5012.0,,403.0,80,120,20
i080_302.py,undirected flow,5960.0,30.47,9,5446.0,0.08624161073825504,2055.0,80,120,20
i080_302.py,directed cut,9699.0,30.61,9,5083.0,0.4759253531291886,467.0,80,120,20
i080_303.py,undirected cut,,30.52,9,4793.0,,358.0,80,120,20
i080_303.py,undirected flow,5849.0,30.41,9,5309.0,0.09232347409813643,2180.0,80,120,20
i080_303.py,directed cut,9500.0,30.44,9,4799.0,0.4948421052631579,574.0,80,120,20
i080_304.py,undirected cut,,30.65,9,4256.0,,554.0,80,120,20
i080_304.py,undirected flow,5586.0,30.7,9,5255.0,0.05925528105979234,3617.0,80,120,20
i080_304.py,directed cut,11060.0,30.42,9,4647.0,0.5798372513562386,567.0,80,120,20
i080_305.py,undirected cut,,30.62,9,4849.0,,669.0,80,120,20
i080_305.py,undirected flow,5932.0,30.37,9,5549.0,0.06456507080242752,3352.0,80,120,20
i080_305.py,directed cut,10606.0,30.3,9,4954.0,0.5329059023194418,702.0,80,120,20
i080_311.py,undirected cut,,30.12,9,3444.0,,430.0,80,350,20
i080_311.py,undirected flow,5631.0,30.75,9,3663.0,0.34949387320191794,143.0,80,350,20
i080_311.py,directed cut,12128.0,30.34,9,3646.0,0.6993733509234829,372.0,80,350,20
i080_312.py,undirected cut,,30.18,9,3458.0,,411.0,80,350,20
i080_312.py,undirected flow,5412.0,30.56,9,3676.0,0.32076866223207684,118.0,80,350,20
i080_312.py,directed cut,12764.0,30.46,9,3535.0,0.7230492008774678,435.0,80,350,20
i080_313.py,undirected cut,,30.39,9,3431.0,,477.0,80,350,20
i080_313.py,undirected flow,5484.0,30.77,9,3613.0,0.3411743253099927,142.0,80,350,20
i080_313.py,directed cut,15509.0,30.6,9,3421.0,0.7794184022180669,452.0,80,350,20
i080_314.py,undirected cut,,30.28,9,3616.0,,460.0,80,350,20
i080_314.py,undirected flow,4928.0,30.67,9,3720.0,0.24512987012987014,283.0,80,350,20
i080_314.py,directed cut,13863.0,30.35,9,3575.0,0.7421193103945755,436.0,80,350,20
i080_315.py,undirected cut,,30.34,9,3540.0,,449.0,80,350,20
i080_315.py,undirected flow,5120.0,30.8,9,3563.0,0.3041015625,285.0,80,350,20
i080_315.py,directed cut,18097.0,30.8,9,3406.0,0.8117920097253688,492.0,80,350,20
i080_321.py,undirected cut,,30.62,9,2833.0,,127.0,80,3160,20
i080_321.py,undirected flow,5545.0,34.22,9,2922.0,0.47303877366997293,1.0,80,3160,20
i080_321.py,directed cut,144390.0,30.6,9,2865.0,0.980157905672138,128.0,80,3160,20
i080_322.py,undirected cut,,31.65,9,2832.0,,146.0,80,3160,20
i080_322.py,undirected flow,5507.0,34.05,9,2910.0,0.47158162338841475,1.0,80,3160,20
i080_322.py,directed cut,142657.0,31.32,9,2892.0,0.9797275983653098,128.0,80,3160,20
i080_323.py,undirected cut,,31.08,9,2856.0,,135.0,80,3160,20
i080_323.py,undirected flow,5525.0,35.34,9,2916.0,0.4722171945701357,1.0,80,3160,20
i080_323.py,directed cut,144756.0,30.79,9,2887.0,0.980056094393324,127.0,80,3160,20
i080_324.py,undirected cut,,30.82,9,2830.0,,145.0,80,3160,20
i080_324.py,undirected flow,5524.0,36.27,9,2916.0,0.4721216509775525,1.0,80,3160,20
i080_324.py,directed cut,145886.0,31.2,9,2873.0,0.9803065407235787,143.0,80,3160,20
i080_325.py,undirected cut,,31.51,9,2836.0,,143.0,80,3160,20
i080_325.py,undirected flow,5688.0,34.06,9,2928.0,0.48523206751054854,1.0,80,3160,20
i080_325.py,directed cut,91634.0,30.92,9,2876.0,0.968614269812515,105.0,80,3160,20
i080_331.py,undirected cut,,30.53,9,4225.0,,537.0,80,160,20
i080_331.py,undirected flow,5475.0,30.49,9,4491.0,0.17972602739726026,1622.0,80,160,20
i080_331.py,directed cut,10459.0,30.18,9,4233.0,0.5952767951046946,680.0,80,160,20
i080_332.py,undirected cut,,30.21,9,4255.0,,595.0,80,160,20
i080_332.py,undirected flow,5362.0,30.42,9,4607.0,0.14080566952629617,1406.0,80,160,20
i080_332.py,directed cut,10594.0,30.37,9,4438.0,0.5810836322446667,601.0,80,160,20
i080_333.py,undirected cut,,30.2,9,4350.0,,649.0,80,160,20
i080_333.py,undirected flow,5557.0,30.43,9,4705.0,0.15332013676444126,1636.0,80,160,20
i080_333.py,directed cut,10778.0,30.39,9,4412.0,0.5906476155130822,601.0,80,160,20
i080_334.py,undirected cut,,30.14,9,4070.0,,578.0,80,160,20
i080_334.py,undirected flow,5478.0,30.35,9,4225.0,0.22873311427528295,1550.0,80,160,20
i080_334.py,directed cut,11585.0,30.13,9,4137.0,0.6429003021148036,678.0,80,160,20
i080_335.py,undirected cut,,30.07,9,3873.0,,653.0,80,160,20
i080_335.py,undirected flow,5117.0,30.34,9,4348.0,0.15028336916161814,1583.0,80,160,20
i080_335.py,directed cut,10347.0,30.19,9,4027.0,0.6108050642698367,668.0,80,160,20
i080_341.py,undirected cut,,30.57,9,3035.0,,372.0,80,632,20
i080_341.py,undirected flow,5608.0,30.92,9,3256.0,0.4194008559201141,2.0,80,632,20
i080_341.py,directed cut,58147.0,30.68,9,3113.0,0.9464632741156036,354.0,80,632,20
i080_342.py,undirected cut,,30.12,9,2920.0,,365.0,80,632,20
i080_342.py,undirected flow,5622.0,31.2,9,3176.0,0.4350764852365706,23.0,80,632,20
i080_342.py,directed cut,25489.0,30.2,9,2931.0,0.8850092196633842,346.0,80,632,20
i080_343.py,undirected cut,,30.3,9,3033.0,,380.0,80,632,20
i080_343.py,undirected flow,5509.0,31.25,9,3345.0,0.39281176257033945,15.0,80,632,20
i080_343.py,directed cut,30023.0,30.72,9,3027.0,0.8991772974053226,375.0,80,632,20
i080_344.py,undirected cut,,30.39,9,3248.0,,366.0,80,632,20
i080_344.py,undirected flow,5590.0,31.18,9,3276.0,0.413953488372093,1.0,80,632,20
i080_344.py,directed cut,11878.0,30.29,9,3245.0,0.7268058595723186,326.0,80,632,20
i080_345.py,undirected cut,,502.47,9,3250.0,,315.0,80,632,20
i080_345.py,undirected flow,5505.0,502.21,9,3142.0,0.4292461398728429,6.0,80,632,20
i080_345.py,directed cut,15029.0,501.6,9,3021.0,0.7989886219974716,269.0,80,632,20
